Mumbai		IN	16	846
Mexico City		MX	09	819
Manila		PH	NCR	696
Moscow		RU	48	692
Melbourne		AU	07	283
Madrid		ES	29	217
Mogadishu		SO	02	172
Mashhad		IR	42	153
Maracaibo		VE	23	148
Medellín	Medellin	CO	02	133
Maracay		VE	04	116
Medan		ID	26	116
Minsk		BY	04	116
Mosul		IQ	15	115
Montréal	Montreal	CA	10	106
Manaus		BR	04	106
Manhattan		US	NY	99
Multān	Multan	PK	04	95
Mecca		SA	14	88
Makassar		ID	38	88
Medina		SA	05	86
Montevideo		UY	10	84
Munich		DE	02	84
Milano		IT	09	82
Meerut		IN	36	81
Mandalay		MM	08	80
Maputo		MZ	11	79
Monterrey		MX	19	74
Malingao		PH	12	74
Maiduguri		NG	27	74
Managua		NI	10	64
Maceió	Maceio	BR	02	63
Monrovia		LR	14	62
Madurai		IN	25	60
Mendoza		AR	13	58
Mbuji-Mayi		CD	04	58
Mysore		IN	19	57
Marrakesh		MA	47	55
Mombasa		KE	37	53
Muscat		OM	06	53
Marseille		FR	93	52
Malang		ID	08	49
Muzaffarābād	Muzaffarabad	PK	06	48
Morādābād	Moradabad	IN	36	48
Mérida	Merida	MX	31	47
Matola		MZ	04	45
Mississauga		CA	08	44
Mudanjiang		CN	08	44
Memphis		US	TN	43
Mexicali		MX	02	39
Milwaukee		US	WI	39
Morelia		MX	16	39
Málaga	Malaga	ES	51	37
Mar del Plata		AR	01	36
Meknès	Meknes	MA	48	36
Mercin		TR	32	35
Macau		MO	02	34
Mykolayiv		UA	16	34
Makati City		PH	NCR	34
Makhachkala		RU	17	33
Masina		CD	06	32
Mariupol		UA	05	32
Mixco		GT	07	31
Matsudo		JP	04	31
Mansilingan		PH	06	30
Manado		ID	31	30
Muratpaşa	Muratpasa	TR	07	30
Matsuyama		JP	05	29
Malatya		TR	44	29
Mesa		US	AZ	29
Mawlamyine		MM	13	29
Murcia		ES	31	29
Mwanza		TZ	12	29
Mālegaon	Malegaon	IN	16	29
Maltepe		TR	34	28
Mangalore		IN	19	27
Magnitogorsk		RU	13	27
Maturín	Maturin	VE	16	27
Machida		JP	40	26
Miami		US	FL	26
Manchester		GB	ENG	26
Mişrātah	Misratah	LY	72	25
Mauá	Maua	BR	27	25
Minneapolis		US	MN	25
Makiyivka		UA	05	25
Minato		JP	43	25
Mahilyow		BY	06	24
Manukau City		NZ	E7	24
Manizales		CO	37	23
Mazatlán	Mazatlan	MX	25	23
Miguel Hidalgo		MX	09	23
Muzaffarnagar		IN	36	23
Macapá	Macapa	BR	03	22
Muzaffarpur		IN	34	22
Montes Claros		BR	15	22
Mandaue City		PH	07	22
Mathura		IN	36	22
Mogi das Cruzes		BR	27	21
Maroua		CM	12	21
Morón	Moron	AR	01	21
Murmansk		RU	49	21
Mataram		ID	17	21
Maringá	Maringa	BR	18	20
Miyazaki		JP	25	20
Mannheim		DE	01	20
Mandaluyong City		PH	NCR	20
Mazār-e Sharīf	Mazar-e Sharif	AF	30	20
Mardan		PK	03	20
Mérida	Merida	VE	14	20
Malir Cantonment		PK	05	20
Māndu	Mandu	IN	35	20
Morioka		JP	16	19
Makurdi		NG	26	19
Minna		NG	31	19
Mbeya		TZ	09	19
Mueang Nonthaburi		TH	38	19
Meads		US	KY	19
Marienthal		DE	04	19
Maebashi		JP	10	18
Mingora		PK	03	18
Mokolo		CM	12	18
Montería	Monteria	CO	12	18
Münster	Muenster	DE	07	18
Moppo		KR	16	17
Mantampay		PH	10	17
Mianyang		CN	32	17
Mönchengladbach	Moenchengladbach	DE	07	17
Markham		CA	08	17
Malmö	Malmoe	SE	27	17
Morogoro		TZ	10	16
Montpellier		FR	76	16
Mito		JP	14	16
Mau		IN	36	16
Manisa		TR	45	16
Mar’ino	Mar'ino	RU	48	16
Madison		US	WI	15
Marka		SO	14	15
Magdeburg		DE	14	15
Magdalena Contreras		MX	09	15
Miri		MY	11	15
Mubi		NG	35	15
Mymensingh		BD	81	15
Minamirinkan		JP	19	14
Mirzāpur	Mirzapur	IN	36	14
Messina		IT	15	14
Mount Lavinia		LK	36	14
Mirpur Khas		PK	05	14
Mekele		ET	53	14
Mucumpiz		VE	14	14
Mokotów	Mokotow	PL	78	14
Marília	Marilia	BR	27	14
Matsumoto		JP	26	14
Móstoles	Mostoles	ES	29	13
Montgomery		US	AL	13
Monghyr		IN	34	13
Mossoró	Mossoro	BR	22	13
Modesto		US	CA	13
Malolos		PH	03	13
Machala		EC	08	13
Mentougou		CN	22	13
Murwāra	Murwara	IN	35	13
Monclova		MX	07	13
Mobile		US	AL	13
Maracanaú	Maracanau	BR	06	12
Moreno Valley		US	CA	12
Machilīpatnam	Machilipatnam	IN	02	12
Mwene-Ditu		CD	04	12
Mabalacat City		PH	03	12
Mohammedia		MA	45	12
Madiun		ID	08	12
Moratuwa		LK	36	12
Mainz		DE	08	12
Meycauayan		PH	03	12
Milton Keynes		GB	ENG	12
Mutare		ZW	01	12
Mbandaka		CD	02	12
Manta		EC	14	12
Mitaka-shi		JP	40	12
Monywa		MM	10	12
Malacca		MY	04	12
Matadi		CD	08	12
Meiktila		MM	08	11
Malāyer	Malayer	IR	09	11
Mzuzu		MW	N	11
Myeik		MM	12	11
Midrand		ZA	06	11
Metepec		MX	15	11
Miskolc		HU	04	11
Mülheim (Ruhr)	Muelheim (Ruhr)	DE	07	11
Miass		RU	13	11
Muzaffargarh		PK	04	11
Murīdke	Muridke	PK	04	10
Maradi		NE	04	10
Mahābād	Mahabad	IR	01	10
Madhyamgram		IN	28	10
Malakal		SS	07	10
Mytishchi		RU	47	10
Mejicanos		SV	10	10
Modena		IT	05	10
Maykop		RU	01	10
Melitopol’	Melitopol'	UA	26	10
Moshi		TZ	06	10
Matsue		JP	36	10
Malabo		GQ	04	10
Middelburg		ZA	07	10
Mahajanga		MG	7670849	10
Medinīpur	Medinipur	IN	28	10
Morena		IN	35	10
Minatitlan		MX	30	10
Malkajgiri		IN	40	10
Mascara		DZ	26	10
Metro		ID	15	9
Moriguchi		JP	32	9
Médéa	Medea	DZ	06	9
Mestre		IT	20	9
Manama		BH	16	9
Matanzas		CU	03	9
Marabá	Maraba	BR	16	9
Meizhou		CN	30	9
Marawi City		PH	14	9
Macaé	Macae	BR	21	9
Middlesbrough		GB	ENG	9
Mallawī	Mallawi	EG	10	9
Metairie Terrace		US	LA	9
Myingyan		MM	08	9
Mpumalanga		ZA	02	9
Mesquite		US	TX	9
Man		CI	78	9
Metairie		US	LA	9
Musashino		JP	40	9
Mahbūbnagar	Mahbubnagar	IN	40	9
Moundou		TD	08	9
Mandya		IN	19	8
Marbella		ES	51	8
Marg‘ilon	Marg`ilon	UZ	03	8
Mīāndoāb	Miandoab	IR	01	8
Muricay		PH	09	8
Majie		CN	29	8
Martapura		ID	12	8
McKinney		US	TX	8
Miyakonojō	Miyakonojo	JP	25	8
Matsubara		JP	32	8
Moga		IN	23	8
Maicao		CO	17	8
Masaya		NI	11	8
Manzanillo		MX	08	8
Mostaganem		DZ	07	8
McAllen		US	TX	8
Mandi Bahāuddīn	Mandi Bahauddin	PK	04	8
Mino		JP	32	8
Mogi-Gaucu		BR	27	8
Manzanillo		CU	09	8
Muar		MY	01	8
Murom		RU	83	8
Macheng		CN	12	8
Mandsaur		IN	35	8
Marand		IR	33	8
Metz		FR	44	8
Mohali		IN	23	8
Minzhu		CN	05	8
Maastricht		NL	05	8
Mỹ Tho	My Tho	VN	37	8
Miramar		US	FL	8
Mataró	Mataro	ES	56	8
Musoma		TZ	08	8
Mufulira		ZM	08	8
Midoun		TN	28	8
Maxixe		MZ	03	7
Monza		IT	09	7
Modakeke		NG	42	7
Maseru		LS	14	7
Malindi		KE	23	7
Morbi		IN	09	7
Moncloa-Aravaca		ES	29	7
Milpa Alta		MX	09	7
Mingshui		CN	25	7
Mary		TM	05	7
Māler Kotla	Maler Kotla	IN	23	7
Maba		CN	30	7
Mishima		JP	37	7
Mojokerto		ID	08	7
Mothīhāri	Mothihari	IN	34	7
Mazyr		BY	02	7
Masjed Soleymān	Masjed Soleyman	IR	15	7
Magelang		ID	07	7
Mulhouse		FR	44	7
Mbouda		CM	08	7
Midland		US	TX	7
Manzanillo		MX	08	7
Manzini		SZ	03	7
Mendip		GB	ENG	7
Mizhou		CN	25	7
Manchester		US	NH	7
Matagalpa		NI	12	7
Murfreesboro		US	TN	7
Madanapalle		IN	02	7
Mopti		ML	04	7
Moers		DE	07	7
Miami Gardens		US	FL	7
Mitrovicë	Mitrovice	XK	10097358	7
Mati		PH	11	7
Mariara		VE	07	7
Malinovka		BY	04	7
Moratalaz		ES	29	6
Mostar		BA	01	6
Matamoros		MX	07	6
Marzahn		DE	16	6
Male		MV	38	6
Murrieta		US	CA	6
Marmagao		IN	33	6
Malambo		CO	04	6
Mustafakemalpaşa	Mustafakemalpasa	TR	16	6
Maladzyechna		BY	05	6
Miriālgūda	Mirialguda	IN	40	6
Medina Estates		GH	01	6
Mokopane		ZA	09	6
Mezhdurechensk		RU	29	6
Martínez de la Torre	Martinez de la Torre	MX	30	6
Magangué	Magangue	CO	35	6
M’Sila	M'Sila	DZ	27	6
Messaad		DZ	22	6
Meihekou		CN	05	6
Manavgat		TR	07	6
Mughal Sarāi	Mughal Sarai	IN	36	6
Mbarara		UG	W	6
Mabopane		ZA	06	6
Mobara		JP	04	6
Magway		MM	15	6
Mtwara		TZ	11	6
Muroran		JP	12	6
Mingelchaur		AZ	33	6
Magadan		RU	44	6
Maribor		SI	J2	6
Mainpuri		IN	36	6
Makrāna	Makrana	IN	24	6
Michurinsk		RU	72	6
Mission Viejo		US	CA	6
Moa		CU	12	6
Maizuru		JP	22	6
Marl		DE	07	6
Macon		US	GA	6
Mons		BE	WAL	6
Muriaé	Muriae	BR	15	6
Myitkyina		MM	04	6
Maidstone		GB	ENG	6
Mogok		MM	08	6
Montreuil		FR	11	6
Muktsar		IN	23	5
Miānwāli	Mianwali	PK	04	5
Murādnagar	Muradnagar	IN	36	5
Marseille 13		FR	93	5
Miragoâne	Miragoane	HT	15	5
Manjeri		IN	13	5
Mahobā	Mahoba	IN	36	5
Mudon		MM	13	5
Mangaldan		PH	01	5
Montero		BO	08	5
Mahendranagar		NP	FR	5
Miami Beach		US	FL	5
Majalengka		ID	30	5
Makeni		SL	02	5
Moncton		CA	04	5
Mishan		CN	08	5
Malanje		AO	12	5
Madgaon		IN	33	5
Musanze		RW	13	5
Mayiladuthurai		IN	25	5
Mbanza-Ngungu		CD	08	5
Makoko		NG	05	5
Montelíbano	Montelibano	CO	12	5
Mādārīpur	Madaripur	BD	81	5
Mariveles		PH	03	5
Milton		CA	08	5
Minūf	Minuf	EG	09	5
Mandurah		AU	08	5
Marilao		PH	03	5
Margahayukencana		ID	30	5
Minden		DE	07	5
Montego Bay		JM	12	5
Muş	Mus	TR	49	5
Mādabā	Madaba	JO	23	5
Marugame		JP	17	5
Mukacheve		UA	25	5
Mungyeong		KR	14	5
Mitte		DE	16	5
Mihara		JP	11	5
Mbalmayo		CM	11	5
Meïganga	Meiganga	CM	10	5
Mānsa	Mansa	IN	23	5
Maricá	Marica	BR	21	5
Merced		US	CA	5
Marburg an der Lahn		DE	05	5
Marseille 08		FR	93	5
Manfalūţ	Manfalut	EG	17	5
Mthatha		ZA	05	5
Mayagüez	Mayagueez	PR	097	5
Mogi Mirim		BR	27	5
Mancherāl	Mancheral	IN	40	5
Marsala		IT	15	5
Marseille 15		FR	93	5
Mechelen		BE	VLG	5
Menifee		US	CA	5
Mission		US	TX	5
Mawāna	Mawana	IN	36	5
Marseille 09		FR	93	5
Moro		PK	05	5
Mmabatho		ZA	10	5
Manmād	Manmad	IN	16	5
Malaut		IN	23	5
Manresa		ES	56	5
Mbale		UG	E	5
Modiin		IL	02	5
Masvingo		ZW	08	5
Mineralnye Vody		RU	70	5
Midyat		TR	72	5
Matara		LK	34	5
Miān Channūn	Mian Channun	PK	04	5
Mbabane		SZ	01	5
Melbourne		US	FL	5
Maymana		AF	07	5
Muan		KR	16	5
Mysłowice	Myslowice	PL	83	5
Meridian		US	ID	5
Medford		US	OR	4
Miki		JP	13	4
Mackay		AU	04	4
Mbaké	Mbake	SN	03	4
Mountain View		US	CA	4
Mijas		ES	51	4
Melilla		ES	ML	4
Mpanda		TZ	29	4
Móng Cái	Mong Cai	VN	30	4
Minusinsk		RU	91	4
Miyang		CN	29	4
Matão	Matao	BR	27	4
Maroúsi	Marousi	GR	ESYE31	4
Montepuez		MZ	01	4
Madhubani		IN	34	4
Monastir		TN	16	4
Mardin		TR	72	4
Muyinga		BI	18	4
Moabit		DE	16	4
Mīnāb	Minab	IR	11	4
Malumfashi		NG	24	4
Mindelo		CV	11	4
Mariano		PH	10	4
Mansfield		GB	ENG	4
Maebaru-chūō	Maebaru-chuo	JP	07	4
Muncie		US	IN	4
Maple Ridge		CA	02	4
Mengcheng Chengguanzhen		CN	01	4
Mertoyudan		ID	07	4
Mérignac	Merignac	FR	75	4
Magalang		PH	03	4
Manbij		SY	09	4
Mila		DZ	48	4
Moriyama		JP	35	4
Mingguang		CN	01	4
Matsutō	Matsuto	JP	15	4
Majadahonda		ES	29	4
Munnar		IN	13	4
Minggang		CN	09	4
Most		CZ	89	4
Mount Pleasant		US	SC	4
Matehuala		MX	24	4
Miramar		MX	28	4
Missouri City		US	TX	4
Mount Vernon		US	NY	4
Mukono		UG	C	4
Mbaïki	Mbaiki	CF	07	4
Maitland		AU	02	4
Manteca		US	CA	4
Melati		ID	10	4
Mettupalayam		IN	25	4
Milpitas		US	CA	4
Missoula		US	MT	4
Maharagama		LK	36	4
Mānsehra	Mansehra	PK	03	4
Mandamarri		IN	40	4
Morón	Moron	CU	07	4
Mar’ina Roshcha	Mar'ina Roshcha	RU	48	4
Mengyin		CN	25	4
Mooka		JP	38	4
Masaka		UG	C	4
Meleuz		RU	08	4
Malkāpur	Malkapur	IN	16	4
Massa		IT	16	4
Msaken		TN	23	4
Mailsi		PK	04	4
Muncar		ID	08	4
Molina de Segura		ES	31	4
Mazabuka		ZM	07	4
Mārkāpur	Markapur	IN	02	4
Mabai		CN	29	4
Molepolole		BW	06	4
Mannargudi		IN	25	4
Medicine Hat		CA	01	4
Melipilla		CL	12	4
Machiques		VE	23	4
Montebello		US	CA	4
Millcreek		US	UT	4
Minglanilla		PH	07	4
Mersa Matruh		EG	22	4
Marseille 14		FR	93	4
Mudu		CN	04	4
Moca		DO	08	4
Malappuram		IN	13	4
Medenine		TN	28	4
Maple Grove		US	MN	4
Malaybalay		PH	10	4
Madera		US	CA	4
Mizusawa		JP	16	4
Mielec		PL	80	4
Meriden		US	CT	4
Martin		SK	08	4
Mujiayingzi		CN	20	4
Motril		ES	51	4
Monterey Park		US	CA	4
Margate		GB	ENG	4
Marysville		US	WA	4
Mbale		KE	53	4
Meftah		DZ	20	3
Mococa		BR	27	3
Molfetta		IT	13	3
Maidenhead		GB	ENG	3
Malden		US	MA	3
Mölndal	Moelndal	SE	28	3
Mangalagiri		IN	02	3
Mingshui		CN	08	3
Mikhaylovsk		RU	70	3
Manaoag		PH	01	3
Mossel Bay		ZA	11	3
Māngrol	Mangrol	IN	09	3
Modāsa	Modasa	IN	09	3
Mikhaylovka		RU	84	3
Mingyue		CN	05	3
Marseille 12		FR	93	3
Menden		DE	07	3
Myaydo		MM	15	3
Maulavi Bāzār	Maulavi Bazar	BD	86	3
Morley		GB	ENG	3
Minbu		MM	15	3
Mafraq		JO	15	3
Marondera		ZW	04	3
Mafeteng		LS	13	3
Minyat an Naşr	Minyat an Nasr	EG	01	3
Marseille 11		FR	93	3
Malārd	Malard	IR	26	3
Mettur		IN	25	3
Marietta		US	GA	3
Moriya		JP	14	3
Magong		TW	04	3
Mérida	Merida	ES	57	3
Mon Repos		TT	10	3
Mansfield		US	TX	3
Mendaha		ID	05	3
Medford		US	MA	3
Maldonado		UY	09	3
Mangere		NZ	E7	3
Mora		CM	12	3
Mokameh		IN	34	3
Moore		US	OK	3
Matera		IT	02	3
Mamoudzou		YT	97611	3
Meerbusch		DE	07	3
Manzhouli		CN	20	3
Manhuaçu	Manhuacu	BR	15	3
Moquegua		PE	18	3
Mairiporã	Mairipora	BR	27	3
Midwest City		US	OK	3
Mount Prospect		US	IL	3
Montenegro		BR	23	3
Maisons-Alfort		FR	11	3
Meaux		FR	11	3
Markala		ML	05	3
Menemen		TR	35	3
Masaurhi Buzurg		IN	34	3
Margate		US	FL	3
Mubārakpur	Mubarakpur	IN	36	3
Mukō	Muko	JP	22	3
Manokwari		ID	39	3
Miryang		KR	20	3
Mediaş	Medias	RO	33	3
Makumbako		TZ	30	3
Mercedes		AR	01	3
Manfredonia		IT	13	3
Milford		US	CT	3
Madīnat Ḩamad	Madinat Hamad	BH	18	3
Maiquetía	Maiquetia	VE	26	3
Mongu		ZM	01	3
Mollet del Vallès	Mollet del Valles	ES	56	3
Manacapuru		BR	04	3
Montauban		FR	76	3
Mansoûra	Mansoura	DZ	15	3
Manhattan		US	KS	3
Maluñgun	Malungun	PH	12	3
Mouscron		BE	WAL	3
Meybod		IR	40	3
Macclesfield		GB	ENG	3
Miyako		JP	16	3
Morecambe		GB	ENG	3
Maha Sarakham		TH	24	3
Minokamo		JP	09	3
Maubin		MM	03	3
Miura		JP	19	3
Monkayo		PH	11	3
Marseille 10		FR	93	3
Mācherla	Macherla	IN	02	3
Melo		UY	03	3
Mannārakkāt	Mannarakkat	IN	13	3
Mweka		CD	03	3
Madhupur		IN	38	3
Merzifon		TR	05	3
Marechal Deodoro		BR	02	3
Madhipura		IN	34	3
Marhanets’	Marhanets'	UA	04	3
Mahāsamund	Mahasamund	IN	37	3
Madrid		CO	33	3
Mātli	Matli	PK	05	3
Ma'an		JO	19	3
Minnetonka Mills		US	MN	3
Metlili Chaamba		DZ	45	3
Merelani		TZ	26	3
merter keresteciler		TR	34	3
Metrogorodok		RU	48	3
Monsanto		PT	18	3
Maun		BW	11	3
Marano di Napoli		IT	04	3
Mariendorf		DE	16	3
Monchegorsk		RU	49	3
Minnetonka		US	MN	3
Morong		PH	40	3
Mut		TR	32	3
Mīrpur Māthelo	Mirpur Mathelo	PK	05	3
Mutsu		JP	03	3
Municipio de Copacabana		CO	02	3
Moncalieri		IT	12	3
Mandapeta		IN	02	3
Monroe		US	LA	3
Middletown		US	OH	3
Megion		RU	32	3
Modiin Ilit		IL	06	3
Martaban		MM	13	3
Masuda		JP	36	3
Mitcham		GB	ENG	3
Mao		DO	27	3
Mishawaka		US	IN	3
Muğla	Mugla	TR	48	3
McLean		US	VA	3
Māndvi	Mandvi	IN	09	3
Mājalgaon	Majalgaon	IN	16	3
Mansfield		US	OH	3
Middletown		US	CT	3
Merouana		DZ	03	3
Marijampolė	Marijampole	LT	59	3
Mtsensk		RU	56	3
Maumere		ID	18	3
Masbate		PH	05	3
Mutengene		CM	09	3
Mulbāgal	Mulbagal	IN	19	3
Montana		BG	47	3
Mudhol		IN	19	3
Mozhga		RU	80	3
Methuen		US	MA	3
Meru		KE	35	3
Marseille 04		FR	93	3
Mentor		US	OH	3
Mandeville		JM	04	3
Murray		US	UT	3
Mikkeli		FI	10	3
Melle		DE	06	3
Middelburg		NL	10	3
Manglaur		IN	39	3
Menzel Bourguiba		TN	18	3
Montesilvano Marina		IT	01	3
Mahdia		TN	15	3
Mazara del Vallo		IT	15	3
Mongaguá	Mongagua	BR	27	3
Mahmudābād	Mahmudabad	IN	36	3
Mashtūl as Sūq	Mashtul as Suq	EG	14	3
Mustafābād	Mustafabad	PK	04	3
Martigues		FR	93	3
Middleton		GB	ENG	3
Misterbianco		IT	15	3
Mattanūr	Mattanur	IN	13	3
Mumias		KE	20	3
Marseille 03		FR	93	3
Meiderich		DE	07	3
Moreno		BR	30	3
Mariana		BR	15	3
Maţāy	Matay	EG	10	3
Mandlā	Mandla	IN	35	3
Midelt		MA	48	3
Myawadi		MM	05	3
Montluçon	Montlucon	FR	84	2
Mondlo		ZA	02	2
Muntilan		ID	07	2
May Pen		JM	01	2
Meudon		FR	11	2
Marseille 05		FR	93	2
Mae Sot		TH	08	2
Mawlaik		MM	10	2
Mahalapye		BW	01	2
Mairinque		BR	27	2
Morār	Morar	IN	35	2
Memāri	Memari	IN	28	2
Medak		IN	40	2
Morón	Moron	VE	07	2
Moyobamba		PE	22	2
Mantes-la-Jolie		FR	11	2
Mazatenango		GT	20	2
Myski		RU	29	2
Mieres		ES	34	2
Monte Carmelo		BR	15	2
Merta		IN	24	2
Mislata		ES	60	2
Murzuq		LY	73	2
Mexico		PH	03	2
Mladá Boleslav	Mlada Boleslav	CZ	88	2
Moline		US	IL	2
Maricopa		US	AZ	2
Malgobek		RU	19	2
Mogoditshane		BW	06	2
Marseille 06		FR	93	2
Medgidia		RO	14	2
Morshansk		RU	72	2
Munsan		KR	13	2
Milas		TR	48	2
Mitsuke		JP	29	2
Mariinsk		RU	29	2
Macenta		GN	N	2
Monheim am Rhein		DE	07	2
Marechal Cândido Rondon	Marechal Candido Rondon	BR	18	2
Madison		US	AL	2
Moroni		KM	02	2
Misawa		JP	03	2
Mizunami		JP	09	2
Mbanga		CM	05	2
Mercedes		UY	17	2
Mansa		ZM	04	2
Myanaung		MM	03	2
Mentekab		MY	06	2
Mampong		GH	02	2
Madīnat Sittah Uktūbar	Madinat Sittah Uktubar	EG	08	2
Metlaoui		TN	30	2
Monte Alto		BR	27	2
Mount Laurel		US	NJ	2
Midland		US	MI	2
Mülheim	Muelheim	DE	07	2
Mānvi	Manvi	IN	19	2
Mamou		GN	M	2
Manicaragua		CU	16	2
Medemblik		NL	07	2
Myrhorod		UA	18	2
Mazeikiai		LT	63	2
Miercurea-Ciuc		RO	20	2
Masantol		PH	03	2
Mananara		MG	7670848	2
Meridian		US	MS	2
Mitsukaidō	Mitsukaido	JP	14	2
Mehekar		IN	16	2
Mirzāpur	Mirzapur	BD	81	2
Memmingen		DE	02	2
Mityana		UG	C	2
Modica		IT	15	2
Malita		PH	11	2
Marseille 01		FR	93	2
Minot		US	ND	2
Mozdok		RU	68	2
Mairena del Aljarafe		ES	51	2
Manacor		ES	07	2
Mukdahan		TH	78	2
Michalovce		SK	03	2
Mirny		RU	63	2
Monte Mor		BR	27	2
Mamatid		PH	40	2
Marcianise		IT	04	2
Mangochi		MW	S	2
Murtajāpur	Murtajapur	IN	16	2
Marlboro		US	NJ	2
Māpuca	Mapuca	IN	33	2
Maştağa	Mastaga	AZ	09	2
Mafra		BR	26	2
Moroleón	Moroleon	MX	11	2
Macaíba	Macaiba	BR	22	2
Mandideep		IN	35	2
Mahanoro		MG	7670857	2
Martil		MA	57	2
Mibu		JP	38	2
Montclair		US	NJ	2
Morohongō	Morohongo	JP	34	2
Maarssen		NL	09	2
Mangalia		RO	14	2
Murshidābād	Murshidabad	IN	28	2
Mettmann		DE	07	2
Mehendiganj		BD	85	2
Mankato		US	MN	2
Mehdia		DZ	13	2
Miranda de Ebro		ES	55	2
Mantova		IT	09	2
Miyoshi		JP	11	2
Muskogee		US	OK	2
Muravlenko		RU	87	2
Mawlamyinegyunn		MM	03	2
Montigny-le-Bretonneux		FR	11	2
Minakuchichō-matoba	Minakuchicho-matoba	JP	35	2
Melun		FR	11	2
Mineiros		BR	29	2
Majenang		ID	07	2
Mikołów	Mikolow	PL	83	2
Massy		FR	11	2
Montrouge		FR	11	2
Malbork		PL	82	2
Marcq-en-Barœul		FR	32	2
Millerovo		RU	61	2
Marlborough		US	MA	2
Muskegon		US	MI	2
Maintal		DE	05	2
Mandaguari		BR	18	2
Mahē	Mahe	IN	13	2
Malavalli		IN	19	2
Mühlhausen	Muehlhausen	DE	15	2
Madīnat ‘Īsá	Madinat `Isa	BH	17	2
Moorhead		US	MN	2
Minas		UY	08	2
Maplewood		US	MN	2
Marino		IT	07	2
Mahbūbābād	Mahbubabad	IN	40	2
Maihar		IN	35	2
Morgan Hill		US	CA	2
Maudaha		IN	36	2
Manassas		US	VA	2
Monopoli		IT	13	2
Majene		ID	41	2
Montemorelos		MX	19	2
Martina Franca		IT	13	2
Mae Chan		TH	03	2
Manjo		CM	05	2
Muang Phônsavan	Muang Phonsavan	LA	14	2
Morada Nova		BR	06	2
Monterotondo		IT	07	2
Mangai		CD	01	2
Muñoz	Munoz	PH	03	2
Malanville		BJ	08	2
Mableton		US	GA	2
Melong		CM	05	2
Mińsk Mazowiecki	Minsk Mazowiecki	PL	78	2
Mochudi		BW	05	2
Melito di Napoli		IT	04	2
Manapparai		IN	25	2
Marion		US	OH	2
Morondava		MG	7670902	2
Mahrīz	Mahriz	IR	40	2
Montclair		US	CA	2
Monrovia		US	CA	2
Mission Bend		US	TX	2
Montenegro		CO	23	2
Mangotsfield		GB	ENG	2
Maia		PT	17	2
Modugno		IT	13	2
Mechanicsville		US	VA	2
Maasmechelen		BE	VLG	2
Mont-de-Marsan		FR	75	2
Mandera		KE	33	2
Masasi		TZ	11	2
Marseille 07		FR	93	2
Marignane		FR	93	2
Martinez		US	CA	2
Martinez		US	GA	2
Montélimar	Montelimar	FR	84	2
Menomonee Falls		US	WI	2
Morsi		IN	16	2
Misungwi		TZ	12	2
Manakara		MG	7670906	2
Melton		AU	07	2
Mâcon	Macon	FR	27	2
Mehrābpur	Mehrabpur	PK	02	2
Merrillville		US	IN	2
Migori		KE	36	2
Märkisches Viertel	Markisches Viertel	DE	16	2
Mazarrón	Mazarron	ES	31	2
Manhattan Beach		US	CA	2
Meulaboh		ID	01	2
Malakwal City		PK	04	2
Malmesbury		ZA	11	2
Mlimba		TZ	10	2
Marana		US	AZ	2
Mafinga		TZ	04	2
Masumbwe		TZ	28	2
Merseburg		DE	14	2
Marion		US	IA	2
Merritt Island		US	FL	2
Mirabel		CA	10	2
Mascouche		CA	10	2
Malakwāl	Malakwal	PK	04	2
Mojo		ET	51	2
Maddaloni		IT	04	2
Manggar		ID	35	2
Makouda		DZ	40	2
Moss		NO	13	2
Melchor Ocampo		MX	15	2
Moorpark		US	CA	2
Minas de Matahambre		CU	01	2
Margate		ZA	02	2
Mijdrecht		NL	09	2
Moyale		KE	34	2
Manapla		PH	06	2
Mugnano di Napoli		IT	04	2
Meppen		DE	06	2
Morrinhos		BR	29	2
Medianeira		BR	18	2
Mokokchūng	Mokokchung	IN	20	2
Maramag		PH	10	2
Melur		IN	25	2
Madruga		CU	MA	2
Manitowoc		US	WI	2
Marmaris		TR	48	2
Maubeuge		FR	32	2
Mount Hagen		PG	16	2
Malilipot		PH	05	2
Maruoka		JP	06	2
Mlonggo		ID	07	2
Mulleriyawa		LK	36	2
Madikeri		IN	19	2
Merano		IT	17	2
Montcada i Reixac		ES	56	2
Marratxí	Marratxi	ES	07	2
Myszków	Myszkow	PL	83	2
Muhammadābād	Muhammadabad	IN	36	2
Marrero		US	LA	2
Mushie		CD	01	2
Machado		BR	15	2
Maspalomas		ES	53	2
Mouzaïa	Mouzaia	DZ	55	2
Monaco		MC	00	2
Midsayap		PH	12	2
Marks		RU	67	2
Mira Taglio		IT	20	2
Melchor Múzquiz	Melchor Muzquiz	MX	07	2
Monroe		US	NC	2
Maassluis		NL	11	2
Mushābani	Mushabani	IN	38	2
Mörfelden-Walldorf	Moerfelden-Walldorf	DE	05	2
Mauban		PH	40	2
Mount Lebanon		US	PA	2
Mooresville		US	NC	2
Mahālingpur	Mahalingpur	IN	19	2
Maloyaroslavets		RU	25	2
Milton		US	GA	2
Mol		BE	VLG	2
Manuguru		IN	40	2
Mahemdāvād	Mahemdavad	IN	09	2
Mohyliv-Podil’s’kyy	Mohyliv-Podil's'kyy	UA	23	2
Manali		IN	25	2
Maşyāf	Masyaf	SY	10	2
Meschede		DE	07	2
Menongue		AO	04	2
McMinnville		US	OR	2
Moose Jaw		CA	11	2
Ma‘arratmişrīn	Ma`arratmisrin	SY	12	2
Massillon		US	OH	2
Maputsoe		LS	12	2
Montgomery Village		US	MD	2
Menlo Park		US	CA	2
Machakos		KE	31	2
Menen		BE	VLG	2
Māmu Kānjan	Mamu Kanjan	PK	04	2
Modřany	Modrany	CZ	52	2
Muddebihāl	Muddebihal	IN	19	2
Manjakandriana		MG	7670856	2
Milazzo		IT	15	2
Mount Vernon		US	WA	2
Momostenango		GT	21	2
Megarine		DZ	50	2
Morrelgonj		BD	82	2
Mozhaysk		RU	47	2
Midland		CA	08	2
Masindi		UG	W	2
Michigan City		US	IN	2
Muyuka		CM	09	2
Maluso		PH	14	2
Murakami		JP	29	2
Mvomero		TZ	02	2
Marovoay		MG	7670849	2
Merzig		DE	09	2
Mankāchar	Mankachar	IN	18	2
Mundelein		US	IL	2
Mateur		TN	18	2
Mimarsinan		TR	34	2
Massafra		IT	13	2
Miguel Alemán (La Doce)	Miguel Aleman (La Doce)	MX	26	2
Mompós	Mompos	CO	35	2
Manghit		UZ	09	2
Matozinhos		BR	15	2
Macerata		IT	10	2
Merthyr Tydfil		GB	WLS	2
Mason		US	OH	2
Meppel		NL	01	2
Mālūr	Malur	IN	19	2
Mednogorsk		RU	55	2
Mercedes		AR	06	2
Mūdbidri	Mudbidri	IN	19	2
Mānwat	Manwat	IN	16	2
Manchester		US	CT	2
Masaki-chō	Masaki-cho	JP	05	2
Mahārāganj	Maharaganj	IN	36	2
Mutuáli	Mutuali	MZ	06	2
Mill Park		AU	07	2
Manises		ES	60	2
Mizque		BO	02	2
Mehar		PK	05	2
Maravatío	Maravatio	MX	16	2
Macuspana		MX	27	2
Mosonmagyaróvár	Mosonmagyarovar	HU	09	2
Marienfelde		DE	16	2
Monze		ZM	07	2
Musiri		IN	25	2
Moanda		GA	02	2
Meskiana		DZ	29	2
Mildura		AU	07	2
Montijo		PT	19	2
Miskhor		UA	11	2
Matveyevskoye		RU	48	2
Mikhalkovo		RU	48	2
Marion		US	IN	1
Mascalucia		IT	15	1
Motherwell		GB	SCT	1
Marigliano		IT	04	1
Metamórfosi	Metamorfosi	GR	ESYE31	1
Malvar		PH	40	1
Mandalī	Mandali	IQ	10	1
Mathba		BD	85	1
Madurāntakam	Madurantakam	IN	25	1
Motala		SE	16	1
Madison Heights		US	MI	1
Mūvattupula	Muvattupula	IN	13	1
Morgantown		US	WV	1
Menton		FR	93	1
Metu		ET	51	1
Mīrānpur Katra	Miranpur Katra	IN	36	1
Morales		CO	09	1
Mekla		DZ	14	1
Mānsa	Mansa	IN	09	1
Maināguri	Mainaguri	IN	28	1
Minamata		JP	21	1
Malakoff		FR	11	1
Mława	Mlawa	PL	78	1
Mlandizi		TZ	02	1
Miami Lakes		US	FL	1
Mirnyy		RU	06	1
Morozovsk		RU	61	1
Majorna		SE	28	1
Minchinābād	Minchinabad	PK	04	1
Muvattupuzha		IN	13	1
Moramanga		MG	7670851	1
Mangrūl Pīr	Mangrul Pir	IN	16	1
Muborak		UZ	08	1
Madukkarai		IN	25	1
Morristown		US	TN	1
Monterusciello		IT	04	1
Maó	Mao	ES	07	1
Muikamachi		JP	29	1
Mānāvadar	Manavadar	IN	09	1
Mastung		PK	02	1
Mioveni		RO	03	1
Milford Mill		US	MD	1
Maki		JP	29	1
Mariel		CU	AR	1
Mollendo		PE	04	1
Meyzieu		FR	84	1
Manoharpur		IN	24	1
Marinha Grande		PT	13	1
Montbéliard	Montbeliard	FR	27	1
Molina		CL	11	1
Moriki		NG	57	1
Maiurno		SD	58	1
Mukher		IN	16	1
Mālpura	Malpura	IN	24	1
Milak		IN	36	1
Meissen		DE	13	1
Morón de la Frontera	Moron de la Frontera	ES	51	1
Mpika		ZM	05	1
Mānānwāla	Mananwala	PK	04	1
Millville		US	NJ	1
Monroeville		US	PA	1
Mehlville		US	MO	1
Mytilíni	Mytilini	GR	ESYE41	1
Mavoor		IN	13	1
Mohale’s Hoek	Mohale's Hoek	LS	15	1
Māvelikara	Mavelikara	IN	13	1
Maur		IN	23	1
Maisí	Maisi	CU	10	1
Mandi		IN	11	1
Maddūr	Maddur	IN	19	1
Maddagiri		IN	19	1
Middletown		US	NY	1
Mason City		US	IA	1
Matosinhos		PT	17	1
Machagai		AR	03	1
Masinloc		PH	03	1
Mkuranga		TZ	02	1
Mranggen		ID	07	1
Mirnyy		RU	06	1
Midvale		US	UT	1
Mocímboa	Mocimboa	MZ	01	1
Maner		IN	34	1
Molo		KE	39	1
Margasari		ID	07	1
Monterey		US	CA	1
Mechraa Bel Ksiri		MA	52	1
Mongo		TD	05	1
Mungeli		IN	37	1
Murun-kuren		MN	13	1
Mananjary		MG	7670906	1
Menuma		JP	34	1
Manāwar	Manawar	IN	35	1
Mililani Town		US	HI	1
Mamanguape		BR	17	1
Machalí	Machali	CL	08	1
Marshalltown		US	IA	1
Mechernich		DE	07	1
Mae Sai		TH	03	1
Manamadurai		IN	25	1
Maryland Heights		US	MO	1
Maryville		US	TN	1
Malkara		TR	59	1
Madang		PG	12	1
Manduria		IT	13	1
Maywood		US	CA	1
Mīrānpur	Miranpur	IN	36	1
Mevo Betar		IL	06	1
Māgadi	Magadi	IN	19	1
Matthews		US	NC	1
Maych’ew	Maych'ew	ET	53	1
Myrtle Beach		US	SC	1
Malyn		UA	27	1
Manolo Fortich		PH	10	1
Malinyi		TZ	10	1
Mangaratiba		BR	21	1
Mosquera		CO	33	1
Milton		US	MA	1
Miandrarivo		MG	7670854	1
McHenry		US	IL	1
Melrose		US	MA	1
Mahlsdorf		DE	16	1
Mbandjok		CM	11	1
Mombetsu		JP	12	1
Marau		BR	23	1
Mucuri		BR	05	1
Merrimack		US	NH	1
Mtinko		TZ	16	1
Muntok		ID	35	1
Monfalcone		IT	06	1
Marabella		TT	10	1
Miracema		BR	21	1
Martorell		ES	56	1
Mata de São João	Mata de Sao Joao	BR	05	1
Medina		US	OH	1
Montebelluna		IT	20	1
Mahād	Mahad	IN	16	1
Malinaltepec		MX	12	1
Maroubra		AU	02	1
Maramba		TZ	18	1
Magna		US	UT	1
Mesagne		IT	13	1
Mühlheim am Main	Muehlheim am Main	DE	05	1
Mansfield City		US	CT	1
Melton Mowbray		GB	ENG	1
Mitha Tiwāna	Mitha Tiwana	PK	04	1
Mühlacker	Muhlacker	DE	01	1
Montigny-lès-Metz	Montigny-les-Metz	FR	44	1
Metallostroy		RU	66	1
Matoury		GF	GF	1
Mendi		PG	05	1
Mosman		AU	02	1
Mpophomeni		ZA	02	1
Matsubase		JP	21	1
Marolambo		MG	7670857	1
Marhaura		IN	34	1
Magugu		TZ	27	1
Malazgirt		TR	49	1
Mizdah		LY	80	1
Mondragone		IT	04	1
Mashiko		JP	38	1
Mount Pleasant		US	MI	1
Mercedes		CR	04	1
Marialva		BR	18	1
Melgar		CO	28	1
Marín	Marin	ES	58	1
Makubetsu		JP	12	1
Maao		PH	06	1
Marseille 02		FR	93	1
Mussoorie		IN	39	1
Machachi		EC	18	1
Mahendragarh		IN	10	1
Monsefú	Monsefu	PE	14	1
Melouza		DZ	39	1
Molodohvardiys’k	Molodohvardiys'k	UA	14	1
Marcavelica		PE	20	1
Meadow Woods		US	FL	1
Manjacaze		MZ	02	1
Mauganj		IN	35	1
Meckenheim		DE	07	1
Mehndāwal	Mehndawal	IN	36	1
Moskháton	Moskhaton	GR	ESYE31	1
Melrose Park		US	IL	1
Majuro		MH	190	1
Marataizes		BR	08	1
Morro Agudo		BR	27	1
Murree		PK	04	1
Machhlīshahr	Machhlishahr	IN	36	1
Mendī	Mendi	ET	51	1
Mbinga		TZ	14	1
Middle River		US	MD	1
Mostovskoy		RU	38	1
Makó	Mako	HU	06	1
Mosbach		DE	01	1
Milford		US	MA	1
Malakanagiri		IN	21	1
Maplewood		US	NJ	1
Muang Xay		LA	07	1
Marina di Carrara		IT	16	1
Marayur		IN	13	1
Makurazaki		JP	18	1
Manouba		TN	39	1
Mateus Leme		BR	15	1
Mangaldai		IN	03	1
Manikchari		BD	84	1
Madaoua		NE	06	1
Migdal Ha‘Emeq	Migdal Ha`Emeq	IL	03	1
Muktāgācha	Muktagacha	BD	81	1
Mola di Bari		IT	13	1
Mont-Dore		NC	02	1
Mīnjūr	Minjur	IN	25	1
Mount Pearl		CA	05	1
Monte Caseros		AR	06	1
Martos		ES	51	1
Manibaug Pasig		PH	03	1
Moyotzingo		MX	21	1
Mortsel		BE	VLG	1
Margherita		IN	30	1
Muret		FR	76	1
Mahmutlar		TR	07	1
Marcos Juárez	Marcos Juarez	AR	05	1
Mbanza Congo		AO	16	1
Miramas		FR	93	1
Marinilla		CO	02	1
Madison		US	MS	1
Muhammadābād	Muhammadabad	IN	36	1
Medford		US	NY	1
Muskego		US	WI	1
Maywood		US	IL	1
Manāsa	Manasa	IN	35	1
Matai		TZ	24	1
Molins de Rei		ES	56	1
Mahwah		US	NJ	1
Maevatanana		MG	7670850	1
Markkleeberg		DE	13	1
Mūl	Mul	IN	16	1
Moineşti	Moinesti	RO	04	1
Māngrol	Mangrol	IN	24	1
Mamburao		PH	41	1
Maroantsetra		MG	7670848	1
Miguel Pereira		BR	21	1
Murlīganj	Murliganj	IN	34	1
Montilla		ES	51	1
Montfermeil		FR	11	1
Moscow		US	ID	1
Monteros		AR	24	1
Manihāri	Manihari	IN	34	1
Mgandu		TZ	16	1
Masallātah	Masallatah	LY	82	1
Macas		EC	15	1
Maaseik		BE	VLG	1
Merefa		UA	07	1
Mount Juliet		US	TN	1
Mariāni	Mariani	IN	03	1
Munster		US	IN	1
Moutsamoudou		KM	01	1
Mino		JP	09	1
Morinda		IN	23	1
Mojoagung		ID	08	1
Marshall		US	TX	1
Machesney Park		US	IL	1
Malpe		IN	19	1
Mikuni		JP	06	1
Māndal	Mandal	IN	24	1
Mégara	Megara	GR	ESYE31	1
Mithi		PK	05	1
Metahāra	Metahara	ET	51	1
María la Baja	Maria la Baja	CO	35	1
Mansfield		US	MA	1
Mirandopólis	Mirandopolis	BR	27	1
Monte Estoril		PT	14	1
Monoharpur		IN	28	1
Magdalena de Kino		MX	26	1
Millau		FR	76	1
Mwadui		TZ	15	1
Morton Grove		US	IL	1
Misantla		MX	30	1
Mount Gambier		AU	05	1
Märsta	Marsta	SE	26	1
Muggiò	Muggio	IT	09	1
Marki		PL	78	1
Mudanya		TR	16	1
Marrickville		AU	02	1
Macia		MZ	02	1
Maple Heights		US	OH	1
Mequon		US	WI	1
Mariquita		CO	28	1
Massawa		ER	06	1
Moulins		FR	84	1
Mont-Saint-Aignan		FR	28	1
Mansalay		PH	41	1
Muluppilagadu		IN	13	1
Mons-en-Barœul		FR	32	1
Maragondon		PH	40	1
Mendeleyevsk		RU	73	1
Montreux		CH	VD	1
Mauldin		US	SC	1
Muscatine		US	IA	1
Montgeron		FR	11	1
Monte Alegre		BR	16	1
Mount Isa		AU	04	1
Maisons-Laffitte		FR	11	1
Madingou		CG	01	1
Mukeriān	Mukerian	IN	23	1
Manuel Ojinaga		MX	06	1
Melíssia	Melissia	GR	ESYE31	1
Mint Hill		US	NC	1
Motomiya		JP	08	1
Mercer Island		US	WA	1
Maracaju		BR	11	1
Maple Valley		US	WA	1
Meda		IT	09	1
Musselburgh		GB	SCT	1
Mariano Comense		IT	09	1
Mātābhānga	Matabhanga	IN	28	1
Mahwah		IN	24	1
Mixquiahuala de Juarez		MX	13	1
Morphett Vale		AU	05	1
Moche		PE	13	1
Magenta		IT	09	1
Muchamiel		ES	60	1
Mejorada del Campo		ES	29	1
Maués	Maues	BR	04	1
Mouila		GA	04	1
Mahārājgani	Maharajgani	IN	34	1
Mornington		AU	07	1
Muritiba		BR	05	1
Mazouna		DZ	51	1
Motru		RO	19	1
Mariāhu	Mariahu	IN	36	1
Montecarlo		AR	14	1
Maghull		GB	ENG	1
Manage		BE	WAL	1
Mayahi		NE	04	1
Mulchén	Mulchen	CL	06	1
Mayāng Imphāl	Mayang Imphal	IN	17	1
Muhammadābād	Muhammadabad	IN	36	1
Mansourah		DZ	39	1
Metzingen		DE	01	1
Moskovskiy		TJ	02	1
Merrick		US	NY	1
Marysville		US	OH	1
Maldegem		BE	VLG	1
McDonough		US	GA	1
Mendez-Nuñez	Mendez-Nunez	PH	40	1
Maracás	Maracas	BR	05	1
Merelbeke		BE	VLG	1
Mocoa		CO	22	1
Multai		IN	35	1
Maswa		TZ	31	1
Mersing		MY	01	1
Maliana		TL	BO	1
Mogliano Veneto		IT	20	1
Meinerzhagen		DE	07	1
Muang Pakxan		LA	23	1
Menderes		TR	35	1
Mrągowo	Mragowo	PL	85	1
Monreale		IT	15	1
Mira Loma		US	CA	1
Marsberg		DE	07	1
Malanday		PH	40	1
Moncada		ES	60	1
Mondovì	Mondovi	IT	12	1
Mundargi		IN	19	1
Musan-ŭp	Musan-up	KP	17	1
Monor		HU	16	1
Mogán	Mogan	ES	53	1
Massapequa		US	NY	1
Morro do Chapéu	Morro do Chapeu	BR	05	1
Miyazu		JP	22	1
Meiningen		DE	15	1
Māndalgarh	Mandalgarh	IN	24	1
Muttupet		IN	25	1
Mhango		TZ	15	1
Menzel Jemil		TN	18	1
Medina del Campo		ES	55	1
Millbrae		US	CA	1
Moju		BR	16	1
Maryborough		AU	04	1
Maheshwar		IN	35	1
Masatepe		NI	11	1
Marang		MY	13	1
Mhāsvād	Mhasvad	IN	16	1
maalot Tarshīhā	maalot Tarshiha	IL	03	1
Marquette		US	MI	1
Manosque		FR	93	1
Mandāwar	Mandawar	IN	36	1
Maldon		GB	ENG	1
Montmorency		FR	11	1
Mokwa		NG	31	1
Motul		MX	31	1
Molave		PH	09	1
Matías Romero	Matias Romero	MX	20	1
Mudgal		IN	19	1
Mahdishahr		IR	25	1
Maragogipe		BR	05	1
Minas		CU	05	1
Maralal		KE	45	1
Montecchio Maggiore-Alte Ceccato		IT	20	1
Maracena		ES	51	1
Marigaon		IN	03	1
Mudkhed		IN	16	1
Monroe		US	MI	1
Mirriah		NE	07	1
Mödling	Modling	AT	03	1
Masterton		NZ	G2	1
Makueni		KE	32	1
Manlleu		ES	56	1
Miandrivazo		MG	7670902	1
Moreni		RO	16	1
Market Harborough		GB	ENG	1
Mbala		ZM	05	1
Mazinde		TZ	18	1
Modimolle		ZA	09	1
Mairena del Alcor		ES	51	1
Maniar		IN	36	1
Māchhīwāra	Machhiwara	IN	23	1
Miyata		JP	07	1
Murici		BR	02	1
Mountain Brook		US	AL	1
Morales		CO	35	1
Moses Lake		US	WA	1
Manay		PH	11	1
Monguno		NG	27	1
Milwaukie		US	OR	1
Malangwa		NP	CR	1
Mori		JP	37	1
Meylan		FR	84	1
Mukilteo		US	WA	1
Muriti		TZ	08	1
Matui		TZ	18	1
Montceau-les-Mines		FR	27	1
Marina di Ardea-Tor San Lorenzo		IT	07	1
Monserrato		IT	14	1
Messina		ZA	09	1
Miamisburg		US	OH	1
Montville Center		US	CT	1
Mers el Kebir		DZ	09	1
Morwa		IN	09	1
Mairwa		IN	34	1
Mau Aimma		IN	36	1
Medjez el Bab		TN	17	1
Mar’’ina Horka	Mar''ina Horka	BY	05	1
Maksi		IN	35	1
Mungaoli		IN	35	1
Murrysville		US	PA	1
Mössingen	Mossingen	DE	01	1
Montecanal		ES	52	1
Mantes-la-Ville		FR	11	1
Meerssen		NL	05	1
Morsang-sur-Orge		FR	11	1
Mountlake Terrace		US	WA	1
Monino		RU	47	1
Marblehead		US	MA	1
Mpwapwa		TZ	03	1
Meyrin		CH	GE	1
Marchena		ES	51	1
Monção	Moncao	PT	20	1
Marakkanam		IN	25	1
McKeesport		US	PA	1
Marina		US	CA	1
Muramatsu		JP	29	1
Miharu		JP	08	1
Makamba		BI	17	1
Malvern East		AU	07	1
Madisonville		US	KY	1
Murray Bridge		AU	05	1
Motegi		JP	38	1
Montclair		US	VA	1
Moguer		ES	51	1
Mosopa		BW	10	1
Monforte de Lemos		ES	58	1
Maposeni		TZ	14	1
Mamfe		CM	09	1
Malabanban Norte		PH	40	1
Malapatan		PH	12	1
Mobaye		CF	02	1
Magaria		NE	07	1
Mayen		DE	08	1
Maham		IN	10	1
Magumeri		NG	27	1
Maholi		IN	36	1
Mitake		JP	09	1
Mzimba		MW	N	1
Mau		IN	35	1
Makabe		JP	14	1
Mandelieu-la-Napoule		FR	93	1
Macomb		US	IL	1
Mékhé	Mekhe	SN	07	1
Mělník	Melnik	CZ	88	1
Manzanares		ES	54	1
Misilmeri		IT	15	1
Mezőtúr	Mezotur	HU	20	1
Mayfield Heights		US	OH	1
Metapán	Metapan	SV	11	1
Montrose		US	CO	1
Marshfield		US	WI	1
Madison		US	CT	1
Mankono		CI	91	1
Motozintla		MX	05	1
Mumbwa		ZM	02	1
Magomeni		TZ	23	1
Maple Shade		US	NJ	1
Marmande		FR	75	1
Mtwango		TZ	30	1
Moaña	Moana	ES	58	1
Matteson		US	IL	1
Maurepas		FR	11	1
Morales		GT	09	1
Melville		US	NY	1
Mougins		FR	93	1
Mubende		UG	C	1
Mont-Royal		CA	10	1
Mamaroneck		US	NY	1
Matiāri	Matiari	PK	05	1
Mulgund		IN	19	1
Maghār	Maghar	IL	03	1
Masis		AM	02	1
Manismata		ID	11	1
Marple		GB	ENG	1
Mārahra	Marahra	IN	36	1
Middletown		US	DE	1
Mascote		BR	05	1
Mālvan	Malvan	IN	16	1
Matiri		TZ	14	1
Mallasamudram		IN	25	1
Manturovo		RU	37	1
Moyo		UG	N	1
Mirfield		GB	ENG	1
Mineola		US	NY	1
Marneuli		GE	68	1
Magole		TZ	10	1
Mon		IN	20	1
Mokena		US	IL	1
Málaga	Malaga	CO	26	1
Mlowo		TZ	09	1
Mátészalka	Mateszalka	HU	18	1
Mohács	Mohacs	HU	02	1
Matriz de Camaragibe		BR	02	1
Montevarchi		IT	16	1
Międzyrzecz	Miedzyrzecz	PL	76	1
Māndvi	Mandvi	IN	09	1
Molde		NO	08	1
Morrisville		US	NC	1
Mitry-Mory		FR	11	1
Mattoon		US	IL	1
Mead Valley		US	CA	1
Marktoberdorf		DE	02	1
Meise		BE	VLG	1
Martinópolis	Martinopolis	BR	27	1
Malgrat de Mar		ES	56	1
Mölln	Moelln	DE	10	1
March		GB	ENG	1
Montgomery		US	IL	1
Mugumu		TZ	08	1
Monsey		US	NY	1
Morristown		US	NJ	1
Malakhovka		RU	47	1
McAlester		US	OK	1
Maltby		GB	ENG	1
Montecristi		EC	14	1
Mandan		US	ND	1
Mansfield Woodhouse		GB	ENG	1
Mauguio		FR	76	1
Maasin		PH	08	1
Mchinji		MW	C	1
Miguelópolis	Miguelopolis	BR	27	1
Makakilo		US	HI	1
Mitras Poniente		MX	19	1
Mill Creek		US	WA	1
Morlanwelz-Mariemont		BE	WAL	1
Mossendjo		CG	07	1
Marktredwitz		DE	02	1
Middelburg		ZA	05	1
Miramichi		CA	04	1
Monte Azul Paulista		BR	27	1
Müllheim	Mullheim	DE	01	1
Manchester		US	MO	1
Mäntsälä	Maentsaelae	FI	01	1
Macau		BR	22	1
Muramvya		BI	22	1
Midlothian		US	TX	1
Mao		TD	06	1
Melzo		IT	09	1
Morayfield		AU	04	1
Mahīshādal	Mahishadal	IN	28	1
Montecatini-Terme		IT	16	1
Murudeshwara		IN	19	1
Marlow		GB	ENG	1
Montigny-lès-Cormeilles	Montigny-les-Cormeilles	FR	11	1
Massaguet		TD	18	1
Msowero		TZ	10	1
Mo i Rana		NO	09	1
Maesteg		GB	WLS	1
Moita		PT	19	1
Mosta		MT	35	1
Middelkerke		BE	VLG	1
Mendefera		ER	02	1
Malacky		SK	02	1
Markova		RU	20	1
Mto wa Mbu		TZ	26	1
Munster		DE	06	1
Murray		US	KY	1
Monteiro		BR	17	1
Milledgeville		US	GA	1
Makīnsk	Makinsk	KZ	03	1
Murphy		US	TX	1
Mezőkövesd	Mezokovesd	HU	04	1
Moram		IN	16	1
Myślenice	Myslenice	PL	77	1
Moreton		GB	ENG	1
Mulgrave		AU	07	1
Miahuatlán de Porfirio Díaz	Miahuatlan de Porfirio Diaz	MX	20	1
Marseille 16		FR	93	1
Mühldorf	Muehldorf	DE	02	1
Muroto-misakicho		JP	20	1
Middelharnis		NL	11	1
Mari		BR	17	1
Morlaix		FR	53	1
Montemurlo		IT	16	1
Murbād	Murbad	IN	16	1
Mūndwa	Mundwa	IN	24	1
Montargis		FR	24	1
Murcia		PH	06	1
Middleton		US	WI	1
Marly-le-Roi		FR	11	1
Mustang		US	OK	1
Maganoy		PH	14	1
Mirandola		IT	05	1
Moosburg		DE	02	1
Menasha		US	WI	1
Mehtar Lām	Mehtar Lam	AF	35	1
Meerane		DE	13	1
Mae Ramat		TH	08	1
Mendes		BR	21	1
Monroe		US	WA	1
Middletown		US	RI	1
Michelstadt		DE	05	1
Mala		PE	15	1
Mūlki	Mulki	IN	19	1
Mount Eliza		AU	07	1
Martinsburg		US	WV	1
Marion		US	IL	1
Mendarda		IN	09	1
Maumelle		US	AR	1
Międzyrzec Podlaski	Miedzyrzec Podlaski	PL	75	1
Mahayag		PH	09	1
Mboursou Léré	Mboursou Lere	TD	20	1
Moirāng	Moirang	IN	17	1
Mount Martha		AU	07	1
Mombaça	Mombaca	BR	06	1
Madambakkam		IN	25	1
Mahiari		IN	28	1
Mentana		IT	07	1
Mahébourg	Mahebourg	MU	14	1
Monzón	Monzon	ES	52	1
Maghar		IN	36	1
Massapequa Park		US	NY	1
Muheza		TZ	18	1
Mundgod		IN	19	1
Montereau-Fault-Yonne		FR	11	1
Mercedes		PH	05	1
Mount Vernon		US	OH	1
Medvedovskaya		RU	38	1
Mula		ES	31	1
Manjhanpur		IN	36	1
Mach		PK	02	1
Muttenz		CH	BL	1
Morganton		US	NC	1
Malampaka		TZ	31	1
Menzelinsk		RU	73	1
Marche-en-Famenne		BE	WAL	1
Matamey		NE	07	1
Mahudha		IN	09	1
Mwandiga		TZ	05	1
Ma'rib		YE	14	1
Mineral Wells		US	TX	1
Mikumi		TZ	10	1
Marumori		JP	24	1
Mungaa		TZ	16	1
Media Luna		CU	09	1
Melegnano		IT	09	1
Montivilliers		FR	28	1
Malīhābād	Malihabad	IN	36	1
Maardu		EE	01	1
Mittweida		DE	13	1
Monte Santo de Minas		BR	15	1
Magsaysay		PH	11	1
Mocajuba		BR	16	1
Medvezh’yegorsk	Medvezh'yegorsk	RU	28	1
Mucur		TR	40	1
Mulanje		MW	S	1
Mbuguni		TZ	26	1
Medvedevo		RU	45	1
Madipakkam		IN	25	1
Matsushima		JP	24	1
Mount Clemens		US	MI	1
Monte Aprazível	Monte Aprazivel	BR	27	1
Maubara		TL	LI	1
Manzanares		CO	37	1
Morton		US	IL	1
Menomonie		US	WI	1
Mangla		PK	04	1
Moissy-Cramayel		FR	11	1
Muzambinho		BR	15	1
Minturno		IT	07	1
Montijo		ES	57	1
Mennzel Bou Zelfa		TN	19	1
Mākum	Makum	IN	03	1
Mungia		ES	59	1
Macatuba		BR	27	1
Mahgawān	Mahgawan	IN	35	1
Medina		MX	11	1
Montbrison		FR	84	1
Morong		PH	03	1
Masty		BY	03	1
Maryland City		US	MD	1
Manatí	Manati	PR	091	1
Mapastepec		MX	05	1
Maragogi		BR	02	1
Moraga		US	CA	1
Monte-Carlo		MC	00	1
Maintirano		MG	7670852	1
Middleburg Heights		US	OH	1
Merke		KZ	17	1
Melenki		RU	83	1
Mankayan		PH	15	1
Myrtle Grove		US	FL	1
Malahide		IE	L	1
Madison		US	NJ	1
Mihona		IN	35	1
Milanówek	Milanowek	PL	78	1
Menzel Abderhaman		TN	18	1
Maitland		US	FL	1
Mont-Saint-Hilaire		CA	10	1
Marte		NG	27	1
Meneméni	Menemeni	GR	ESYE12	1
Manthani		IN	40	1
Madukkūr	Madukkur	IN	25	1
Marbach am Neckar		DE	01	1
Mayenne		FR	52	1
Moe		AU	07	1
Mlalo		TZ	18	1
Mercedes		US	TX	1
Mount Pleasant		US	TX	1
Magog		CA	10	1
Montalvo		EC	13	1
Manhumirim		BR	15	1
Mizil		RO	30	1
Monte Plata		DO	32	1
Makuyuni		TZ	18	1
Montornès del Vallès	Montornes del Valles	ES	56	1
Mastic		US	NY	1
Minas de Marcona		PE	11	1
Martha Lake		US	WA	1
Malnate		IT	09	1
Moskovskiy		RU	48	1
Mountain Top		US	PA	1
Mandalgovi		MN	08	1
Mayma		RU	03	1
Massakory		TD	18	1
Makakilo City		US	HI	1
Marsabit		KE	34	1
Mīrganj	Mirganj	IN	36	1
Mabama		TZ	17	1
Matam		SN	15	1
Mount Vernon		US	IL	1
Mesquite		US	NV	1
Mardakan		AZ	09	1
Montesson		FR	11	1
Mitchell		US	SD	1
Medeiros Neto		BR	05	1
Marfil		MX	11	1
Much		DE	07	1
Mundra		IN	09	1
Muhoroni		KE	26	1
Merrifield		US	VA	1
Massamagrell		ES	60	1
Magarao		PH	05	1
Mangilao Village		GU	MA	1
Moussoro		TD	22	1
McKinleyville		US	CA	1
Manga		BF	07	1
Mlangali		TZ	30	1
Mirano		IT	20	1
Morteros		AR	05	1
Monthey		CH	VS	1
Markaz-e Woluswalī-ye Āchīn	Markaz-e Woluswali-ye Achin	AF	18	1
Mexborough		GB	ENG	1
Mandapam		IN	25	1
Montichiari		IT	09	1
Mahanje		TZ	14	1
Misrikh		IN	36	1